supplier_id,supplier_name,supplier_email,supplier_zip_code,supplier_country,supplier_state,supplier_city,supplier_street
SU0454,Keller Ltd,briannatorres@example.org,51142,Montenegro,New Mexico,Lake Amandachester,77637 Wolf Valleys
SU3047,Green-Duke,beasleydanielle@example.org,61509,Mexico,Illinois,West Troyburgh,19501 Pamela Grove
SU2545,Carey-Wilson,frederickdanielle@example.org,76466,Cameroon,California,Nicoleborough,7521 Kirk Summit Suite 712
SU3336,Wilson and Sons,qlowe@example.org,93041,North Macedonia,Maryland,Fergusonstad,486 Zachary Gateway Apt. 277
SU7830,"Greer, Willis and Goodwin",melissa83@example.org,31787,Wallis and Futuna,Ohio,Bridgetville,950 Samantha Groves
SU5534,"Wheeler, David and Hunt",andersonheather@example.net,14634,United States of America,New Mexico,Russellmouth,0753 Ashley Forest Suite 542
SU5030,"Rodriguez, Craig and Kirk",stokessarah@example.com,96994,Tonga,New Hampshire,Port Tiffanyfurt,2474 Matthew Tunnel
SU4734,Carey Group,dgardner@example.com,20836,Romania,Nevada,Virginialand,84932 Joshua Alley Suite 591
SU2738,Ray PLC,john61@example.net,46284,Central African Republic,New Mexico,Jeffersonborough,745 Nicholson Views Apt. 121
SU4246,Ayers and Sons,andrewfranklin@example.org,39617,Djibouti,Texas,New Sarahburgh,58644 Dawn Springs
SU0320,Cameron-Wilson,alex58@example.org,23311,Congo,Tennessee,Rittershire,1922 Michael Track Apt. 180
SU2558,Gonzalez Inc,mwalker@example.net,02865,Slovakia (Slovak Republic),Utah,Adammouth,25870 James Fork Suite 229
SU7874,Ingram-Mooney,bcarpenter@example.org,36396,Saint Vincent and the Grenadines,Rhode Island,Port Timothyport,5052 Jillian Spur Suite 927
SU1904,Torres LLC,halljohn@example.org,09482,Niger,New Jersey,Timothybury,8792 Emily Flat
SU3311,Hayes Ltd,wwalker@example.org,76312,Cayman Islands,Virginia,West Annashire,7329 Smith Road Suite 167
SU2961,Russell and Sons,rwalls@example.net,79351,Botswana,Idaho,Rothstad,346 James Corners
SU8909,Stewart-Joseph,johncastro@example.com,88029,Kuwait,Georgia,Andrewmouth,612 Wells Groves Suite 177
SU3963,"Henry, Porter and Montgomery",hannah62@example.net,77359,Falkland Islands (Malvinas),Tennessee,Javierberg,1693 Gibson Via Suite 171
SU9320,Lloyd Inc,stephen69@example.org,88617,Netherlands Antilles,Rhode Island,Lake Ian,152 Valdez Divide
SU8172,"Navarro, Howard and Spencer",charlene96@example.org,90224,Hong Kong,Ohio,Riveraland,5776 Alex Trace
SU8901,Smith-Peterson,mariahunter@example.net,52565,Vietnam,New York,Lake Josephton,4810 Phillips Mountains Suite 794
SU6807,Brown-Cobb,xking@example.org,40616,Madagascar,Colorado,Morenotown,34239 Katie Vista
SU1660,Lozano-Barnes,shelley88@example.net,40166,Bangladesh,New Mexico,East Jessica,55808 Andrew Viaduct
SU8420,"Heath, Carter and Mercer",johnsonlauren@example.net,82316,Cook Islands,Delaware,Josephbury,5054 Heidi Drive
SU6139,"Odom, Ballard and Sampson",faulkneralejandra@example.org,89305,Montserrat,Nevada,South Michaelton,2040 Foster Ford Suite 739
SU2354,Fuller-Garcia,denisecain@example.net,74441,Bermuda,Florida,North Jeffreybury,2401 Joseph Points
SU4504,Ayala-Mejia,johnjohnson@example.net,06605,South Africa,Ohio,South Matthewside,02179 Johnson Mountain Apt. 265
SU0621,"King, Park and David",debbiemorse@example.com,76985,Saint Barthelemy,Florida,West Debbie,4718 Ashley Locks Suite 839
SU3116,"Martin, Bryant and Torres",xwelch@example.net,88677,Nepal,Louisiana,Princemouth,0191 Heather Dale
SU3945,Randolph-Cervantes,flowersnathaniel@example.org,90807,Malta,Wyoming,Lake Ryan,0212 Howard Port
SU8585,Garrison Ltd,tylerdavis@example.com,21069,Yemen,Virginia,Jilltown,52045 Floyd Underpass Apt. 858
SU3877,Hart-Thompson,jamie31@example.org,18626,Malaysia,Kentucky,Davisport,417 Morgan Fords
SU2796,Mckenzie Inc,xnewton@example.net,92659,United Kingdom,Hawaii,Bakerfort,108 Katelyn Common
SU1806,"Howe, Costa and Chambers",alexis03@example.com,12228,Liberia,Indiana,Mortonview,601 Jones Light Suite 222
SU0124,"Ramirez, Garza and Davis",samantha12@example.org,19715,Turkmenistan,West Virginia,West Ryan,590 Jeffrey Prairie Suite 068
SU0928,Myers LLC,jonathangray@example.com,82342,Colombia,Wisconsin,West Scott,220 Susan Forest
SU0651,Johnson Ltd,brewerdeanna@example.com,78130,Lesotho,Alaska,Port Susanview,82022 Robert Trail
SU6356,Russo Group,dmartinez@example.net,82476,Comoros,Oregon,South Melissa,972 Oneal Stream
SU4884,"Harris, Cochran and Graves",matthew16@example.com,07391,Venezuela,Wyoming,South Alan,17115 Myers Stream
SU3726,Sanchez-Parker,jennifergilmore@example.com,98603,Bermuda,Georgia,Jessicaville,1509 Sullivan Drive Suite 061
SU6783,Hammond Ltd,booneashley@example.com,02816,Bahrain,South Dakota,Maddenside,99314 John Roads
SU6008,"Todd, Long and Juarez",srice@example.com,22491,Libyan Arab Jamahiriya,Pennsylvania,New Michaelbury,545 Vargas Orchard
SU9594,"Flores, Smith and Houston",tsmith@example.org,90944,Dominican Republic,Nevada,New April,68410 Jamie Grove
SU0455,Hood-Graves,jperry@example.org,62254,Uganda,Louisiana,Gutierrezfurt,01507 Courtney Glens
SU6732,Stephens-Ramos,susan05@example.net,86006,Latvia,Indiana,Joshuaborough,8998 Sanchez Flats Apt. 973
SU2314,Miller LLC,ppitts@example.net,01704,Albania,California,Victoriafort,89551 Tyler Lights
SU0180,"Walsh, Santos and Jones",barronrobert@example.net,23710,Qatar,California,South Benjamin,8707 Lane Burgs
SU7459,Orr-Hicks,hmiller@example.net,96822,Poland,Indiana,West Elizabeth,21508 Stefanie Rest
SU1638,"Leon, Harrington and Anderson",maria74@example.com,37531,Saint Martin,Nevada,Adamsshire,42918 John Mall
SU3685,Rodriguez and Sons,vmorales@example.net,56336,Estonia,Delaware,New Debra,086 Jones Expressway
SU3372,"Donovan, Hansen and Gomez",savannahreed@example.net,80290,Namibia,Hawaii,Julianbury,8342 Brooks Ports Apt. 720
SU5332,"Russell, Rowland and Williams",mooreleonard@example.org,71229,Uruguay,Tennessee,South Jesusland,73612 James Island
SU7315,"Garrison, Moreno and Zimmerman",micheal77@example.com,10525,Azerbaijan,Vermont,Lake Mary,09329 Mayer Shoals
SU5099,Chapman and Sons,adam38@example.org,24183,Peru,Pennsylvania,West Sheila,066 Hickman Forks Apt. 117
SU8877,Taylor-Lewis,hamiltonanthony@example.com,32443,Bahrain,Alaska,Port Amandaview,520 Dean Motorway
SU7992,Martinez-Jones,dawn04@example.net,04296,Nicaragua,Ohio,Johnshire,5438 Robertson Ways
SU7168,Hopkins and Sons,danielowens@example.org,59699,Kyrgyz Republic,Wisconsin,Port Jerry,999 Mack Circle Apt. 320
SU7234,"Caldwell, Joyce and Jennings",melissafry@example.net,41364,Cambodia,Wisconsin,Carterside,04673 Choi Prairie Suite 924
SU9591,"Smith, Lamb and Alexander",daviskristine@example.net,13514,Maldives,Oklahoma,Lake Gene,15334 Lewis Way
SU4008,Frost Ltd,adamfreeman@example.net,08363,French Polynesia,Ohio,East Mike,2243 Cervantes Locks Suite 187
SU4069,"Jacobs, Rodriguez and Garza",lisawarren@example.net,73758,Reunion,Maryland,Port Clifford,971 Anne Alley Suite 382
SU1122,Harrington Ltd,rturner@example.org,11790,Peru,Alabama,Ryanview,581 Green Highway Suite 170
SU0300,"Berry, Lewis and Reid",ruizbarbara@example.org,52664,Saint Kitts and Nevis,Nevada,Andrewsmouth,09407 Francis Inlet
SU6414,Kelly-Rose,wileykristin@example.com,66242,Netherlands,Massachusetts,Port Mary,40699 Mark Plain Apt. 807
SU2320,Hammond-Campbell,michael48@example.org,64798,Romania,North Dakota,New Amanda,392 Jessica Stream
SU9549,Perry PLC,cherylclark@example.com,43360,Croatia,North Carolina,Richardville,57340 William Estates Suite 072
SU2615,"James, Obrien and Levine",brookemoore@example.com,27406,Korea,Virginia,Gavinshire,7709 Velazquez Wall Apt. 619
SU2692,Arnold-Burns,cochoa@example.net,37878,Austria,Colorado,Jessicastad,85861 Patty Island
SU3169,Walsh Ltd,jenniferchen@example.org,66259,Seychelles,Mississippi,Garciamouth,2143 Clark Square
SU1044,Chambers-Humphrey,evan22@example.org,98403,Antigua and Barbuda,New Jersey,Kendrastad,0371 Carter Ranch Apt. 459
SU6724,Ross-Hughes,christina72@example.org,80195,Kenya,Minnesota,Christianberg,6175 White Plaza
SU0153,Neal-Ryan,ingrambrandon@example.org,44737,Guyana,Oklahoma,Rushborough,318 Barbara Village Apt. 002
SU0274,Nguyen Ltd,randyjohnston@example.org,06996,Montserrat,Montana,Riveraland,535 Jeffrey Trafficway Suite 025
SU5842,Lee-Strong,donna00@example.org,58869,Togo,California,Danielmouth,3191 Lisa Loop
SU8734,"Mason, Mccall and Jimenez",rodriguezamber@example.org,69901,Bouvet Island (Bouvetoya),Missouri,Andrewchester,329 Miller Stravenue Suite 033
SU7427,Eaton-Brown,steven51@example.net,06031,India,Michigan,New Maryside,298 Rios Extensions Apt. 236
SU6448,Shaffer-Marquez,michaelfernandez@example.com,54003,Mauritania,Pennsylvania,Millerburgh,092 Newman Tunnel Apt. 569
SU4628,"Petersen, Compton and Pham",tsingleton@example.net,65589,American Samoa,Kentucky,West Michaeltown,12844 Sarah Via
SU5305,Brady Group,vgraham@example.com,17841,India,Arizona,North Joanne,29624 Chloe Prairie
SU0063,"Weber, Miller and Green",benjaminflores@example.net,24762,Turkey,Kentucky,Robinburgh,96925 Russell Mountain
